<?xml version="1.0" encoding="utf-8"?>
<ApplicationInstallerManifest>
   <DefaultInstallationDirectory>/Applications/Rice_University/NPBayes_fMRI/</DefaultInstallationDirectory>
   <ApplicationName>NPBayes_fMRI</ApplicationName>
   <ExecutableName>application/NPBayes_fMRI.exe</ExecutableName>
   <GUID>b72f5072-293b-4dd0-a907-4d3c51963a71</GUID>
   <ApplicationIcon>default_icon_48.png</ApplicationIcon>
   <Logo>default_logo.png</Logo>
   <Version>1.0</Version>
   <AuthorOrganization>Rice University</AuthorOrganization>
   <Summary>Bayesian Non-Parametric Spatio-Temporal Models
for multi-subect task-based fMRI data analysis</Summary>
   <WelcomePanelText>NPBayes_fMRI 1.0
Bayesian Non-Parametric Spatio-Temporal Models
for multi-subect task-based fMRI data analysis

Zhang, L., Guindani, M., Versace, F., Engelmann, J.M. and Vannucci, M. (2016). A Spatio-Temporal Nonparametric Bayesian Model of Multi-Subject fMRI Data. Annals of Applied Statistics, 10(2), 638-666

and 

 Kook, J., Guindani, M., Zhang, L.,and Vannucci, M. (2017). NPBayes-fMRI: Nonparametric Bayesian General Linear Models for Single- and Multi-Subject fMRI Data (Accepted for publication at Statistics in Biosciences (SIBS) ).

Jeong Hwan Kook
eric.jeong.kook@gmail.com  marina@rice.edu</WelcomePanelText>
   <MCRProducts>
      <MCRProduct>
         <ExternalProductIdentifier>35000</ExternalProductIdentifier>
      </MCRProduct>
      <MCRProduct>
         <ExternalProductIdentifier>35010</ExternalProductIdentifier>
      </MCRProduct>
   </MCRProducts>
</ApplicationInstallerManifest>