<?xml version="1.0" encoding="utf-8"?>
<ApplicationInstallerManifest>
   <DefaultInstallationDirectory>/Applications/Rice_University/NPBayes_fMRI/</DefaultInstallationDirectory>
   <ApplicationName>NPBayes_fMRI</ApplicationName>
   <ExecutableName>application/NPBayes_fMRI.exe</ExecutableName>
   <GUID>60192424-46fa-4727-887e-f7a1ba247d27</GUID>
   <ApplicationIcon>default_icon_48.png</ApplicationIcon>
   <Logo>default_logo.png</Logo>
   <Version>1.0</Version>
   <InstallationNotes>In the following directions, replace MCR_ROOT by the directory where the MATLAB Runtime is installed on the target machine.

If the environment variable DYLD_LIBRARY_PATH is undefined, set it to the concatenation of the following strings:

    MCR_ROOT/v92/runtime/maci64:
    MCR_ROOT/v92/sys/os/maci64:
    MCR_ROOT/v92/bin/maci64

If it is defined, set it to the concatenation of these strings:

    ${LD_LIBRARY_PATH}: 
    MCR_ROOT/v92/runtime/maci64:
    MCR_ROOT/v92/sys/os/maci64:
    MCR_ROOT/v92/bin/maci64</InstallationNotes>
   <AuthorOrganization>Rice University</AuthorOrganization>
   <Summary>Bayesian Non-Parametric Spatio-Temporal Models
for multi-subect task-based fMRI data analysis</Summary>
   <WelcomePanelText>NPBayes_fMRI 1.0
Bayesian Non-Parametric Spatio-Temporal Models
for multi-subect task-based fMRI data analysis

Zhang, L., Guindani, M., Versace, F., Engelmann, J.M. and Vannucci, M. (2016). A Spatio-Temporal Nonparametric Bayesian Model of Multi-Subject fMRI Data. Annals of Applied Statistics, 10(2), 638-666

and 

 Kook, J., Guindani, M., Zhang, L.,and Vannucci, M. NPBayes-fMRI: Nonparametric Bayesian General Linear Models for Single- and Multi-Subject fMRI Data (In press for 2018 at Statistics in Biosciences (SIBS) ).

Jeong Hwan Kook
eric.jeong.kook@gmail.com  marina@rice.edu</WelcomePanelText>
   <MCRProducts>
      <MCRProduct>
         <ExternalProductIdentifier>35000</ExternalProductIdentifier>
      </MCRProduct>
      <MCRProduct>
         <ExternalProductIdentifier>35010</ExternalProductIdentifier>
      </MCRProduct>
   </MCRProducts>
</ApplicationInstallerManifest>